[
  {
    "id": 1,
    "nome": "Banho Completo",
    "preco": 60.00,
    "duracao": 60,
    "descricao": "Banho completo com shampoo e condicionador específicos para o tipo de pelo."
  },
  {
    "id": 2,
    "nome": "Tosa Higiênica",
    "preco": 45.00,
    "duracao": 45,
    "descricao": "Tosa nas regiões íntimas, patas e rosto para manutenção da higiene."
  },
  {
    "id": 3,
    "nome": "Tosa Completa",
    "preco": 85.00,
    "duracao": 90,
    "descricao": "Tosa completa do corpo do animal conforme o padrão da raça ou solicitação."
  },
  {
    "id": 4,
    "nome": "Banho Medicamentoso",
    "preco": 75.00,
    "duracao": 60,
    "descricao": "Banho utilizando produtos veterinários específicos para tratamento de pele."
  }
]